<metadata xml:lang="en"><mdLang><languageCode value="eng"/><countryCode value="USA"/></mdLang><mdHrLv><ScopeCd value="005"/></mdHrLv><mdStanName>ArcGIS Metadata</mdStanName><mdStanVer>1.0</mdStanVer><dataIdInfo><resMaint><maintFreq><MaintFreqCd value="002"/></maintFreq></resMaint><idPurp>Arterial street centerlines for Maricopa County, Arizona.</idPurp><idAbs>&lt;DIV STYLE="text-align:Left;"&gt;&lt;DIV&gt;&lt;DIV&gt;&lt;P&gt;&lt;SPAN&gt;This feature contains all of the street centerlines for Maricopa County with a classification code indicating that the street is an "arterial" street. It is extracted from the full Base Road Network (BRN) feature class Street_MCDOT. The street centerline is not necessarily the centerline of the road or engineering plans. It was initially created to support the Base Road Network (BRN) that is used in the MCDOT Roadrunner application. The streets are also used for general map production purposes as well. The line work is adjusted using aerial photography.&lt;/SPAN&gt;&lt;/P&gt;&lt;P&gt;&lt;SPAN&gt;This data does not represent a legal record. The data was not created by engineering means and should not be used as such.&lt;/SPAN&gt;&lt;/P&gt;&lt;/DIV&gt;&lt;/DIV&gt;&lt;/DIV&gt;</idAbs><searchKeys><keyword>street</keyword><keyword>road</keyword><keyword>transportation</keyword><keyword>arterial</keyword></searchKeys><resConst><Consts><useLimit>&lt;DIV STYLE="text-align:Left;"&gt;&lt;DIV&gt;&lt;DIV&gt;&lt;P&gt;&lt;SPAN&gt;Any download for commercial intent or resale of this information is prohibited, except in accordance with a sublicensing agreement, and will be enforced in accordance with approved Maricopa County policy and Arizona State Statutes 39-121-03. Maricopa County has made every reasonable effort to obtain and maintain this data as accurately as possible, however, human or mechanical error remain a possibility. Maricopa County assumes no responsibility arising from the use of this information. The data and maps are provided without warranty of any kind, either expressed or implied. Viewer/User understands and agrees that Maricopa County does not guarantee the accuracy, completeness, timeliness or correct sequencing of the data and information requested and hereby expressly disclaims any responsibility for the truth, lack of truth, validity, invalidity, accuracy, inaccuracy, errors or omissions, or for the use or results obtained from the use of any said data and information. Viewer/User agrees to indemnify Maricopa County, their officers and employees from any liability which may arise from any such data or information in its actual or altered form. It is ultimately the viewer/users responsibility to verify accuracy prior to acceptance. Any use of this data and information constitutes acceptance of these terms and conditions.&lt;/SPAN&gt;&lt;/P&gt;&lt;/DIV&gt;&lt;/DIV&gt;&lt;/DIV&gt;</useLimit></Consts></resConst><envirDesc>Microsoft Windows 7 Version 6.1 (Build 7601) Service Pack 1; ESRI ArcGIS 10.0.4.4000</envirDesc><dataLang><languageCode value="eng"/><countryCode value="USA"/></dataLang><idCitation><resTitle>StreetArterial_MCDOT</resTitle><presForm><PresFormCd value="005"/></presForm></idCitation><spatRpType><SpatRepTypCd value="001"/></spatRpType><dataExt><geoEle><GeoBndBox esriExtentType="search"><exTypeCode>1</exTypeCode><westBL>-114.020384</westBL><eastBL>-110.748743</eastBL><northBL>34.154852</northBL><southBL>32.322463</southBL></GeoBndBox></geoEle></dataExt></dataIdInfo><eainfo><detailed Name="RiskLayerShape"><enttyp><enttypl>StreetArterial_MCDOT</enttypl><enttypt Sync="TRUE">Feature Class</enttypt><enttypc Sync="TRUE">0</enttypc></enttyp><attr><attrlabl Sync="TRUE">FID</attrlabl><attalias Sync="TRUE">FID</attalias><attrtype Sync="TRUE">OID</attrtype><attwidth Sync="TRUE">4</attwidth><atprecis Sync="TRUE">0</atprecis><attscale Sync="TRUE">0</attscale><attrdef Sync="TRUE">Internal feature number.</attrdef><attrdefs Sync="TRUE">Esri</attrdefs><attrdomv><udom Sync="TRUE">Sequential unique whole numbers that are automatically generated.</udom></attrdomv></attr><attr><attrlabl>SHAPE</attrlabl><attrdef>Feature geometry.</attrdef><attrdefs>ESRI</attrdefs><attrdomv><udom>Coordinates defining the features.</udom></attrdomv><attalias Sync="TRUE">Shape</attalias><attrtype Sync="TRUE">Geometry</attrtype><attwidth Sync="TRUE">0</attwidth><atprecis Sync="TRUE">0</atprecis><attscale Sync="TRUE">0</attscale></attr><attr><attrlabl Sync="TRUE">FID_SmallR</attrlabl><attalias Sync="TRUE">FID_SmallR</attalias><attrtype Sync="TRUE">Integer</attrtype><attwidth Sync="TRUE">10</attwidth><atprecis Sync="TRUE">10</atprecis><attscale Sync="TRUE">0</attscale></attr><attr><attrlabl Sync="TRUE">Objectcoun</attrlabl><attalias Sync="TRUE">Objectcoun</attalias><attrtype Sync="TRUE">Integer</attrtype><attwidth Sync="TRUE">5</attwidth><atprecis Sync="TRUE">5</atprecis><attscale Sync="TRUE">0</attscale></attr><attr><attrlabl Sync="TRUE">FID_Hwy_Di</attrlabl><attalias Sync="TRUE">FID_Hwy_Di</attalias><attrtype Sync="TRUE">Integer</attrtype><attwidth Sync="TRUE">10</attwidth><atprecis Sync="TRUE">10</atprecis><attscale Sync="TRUE">0</attscale></attr><attr><attrlabl Sync="TRUE">FID_Hwy__1</attrlabl><attalias Sync="TRUE">FID_Hwy__1</attalias><attrtype Sync="TRUE">Integer</attrtype><attwidth Sync="TRUE">10</attwidth><atprecis Sync="TRUE">10</atprecis><attscale Sync="TRUE">0</attscale></attr><attr><attrlabl Sync="TRUE">FID_Soil_M</attrlabl><attalias Sync="TRUE">FID_Soil_M</attalias><attrtype Sync="TRUE">Integer</attrtype><attwidth Sync="TRUE">10</attwidth><atprecis Sync="TRUE">10</atprecis><attscale Sync="TRUE">0</attscale></attr><attr><attrlabl Sync="TRUE">FID_Soil_1</attrlabl><attalias Sync="TRUE">FID_Soil_1</attalias><attrtype Sync="TRUE">Integer</attrtype><attwidth Sync="TRUE">10</attwidth><atprecis Sync="TRUE">10</atprecis><attscale Sync="TRUE">0</attscale></attr><attr><attrlabl Sync="TRUE">AREASYMBOL</attrlabl><attalias Sync="TRUE">AREASYMBOL</attalias><attrtype Sync="TRUE">String</attrtype><attwidth Sync="TRUE">20</attwidth><atprecis Sync="TRUE">0</atprecis><attscale Sync="TRUE">0</attscale></attr><attr><attrlabl Sync="TRUE">SPATIALVER</attrlabl><attalias Sync="TRUE">SPATIALVER</attalias><attrtype Sync="TRUE">Integer</attrtype><attwidth Sync="TRUE">10</attwidth><atprecis Sync="TRUE">10</atprecis><attscale Sync="TRUE">0</attscale></attr><attr><attrlabl Sync="TRUE">MUSYM</attrlabl><attalias Sync="TRUE">MUSYM</attalias><attrtype Sync="TRUE">String</attrtype><attwidth Sync="TRUE">6</attwidth><atprecis Sync="TRUE">0</atprecis><attscale Sync="TRUE">0</attscale></attr><attr><attrlabl Sync="TRUE">MUKEY</attrlabl><attalias Sync="TRUE">MUKEY</attalias><attrtype Sync="TRUE">String</attrtype><attwidth Sync="TRUE">30</attwidth><atprecis Sync="TRUE">0</atprecis><attscale Sync="TRUE">0</attscale></attr><attr><attrlabl Sync="TRUE">soil_type</attrlabl><attalias Sync="TRUE">soil_type</attalias><attrtype Sync="TRUE">String</attrtype><attwidth Sync="TRUE">50</attwidth><atprecis Sync="TRUE">0</atprecis><attscale Sync="TRUE">0</attscale></attr><attr><attrlabl Sync="TRUE">FID_Irriga</attrlabl><attalias Sync="TRUE">FID_Irriga</attalias><attrtype Sync="TRUE">Integer</attrtype><attwidth Sync="TRUE">10</attwidth><atprecis Sync="TRUE">10</atprecis><attscale Sync="TRUE">0</attscale></attr><attr><attrlabl Sync="TRUE">OBJECTID_1</attrlabl><attalias Sync="TRUE">OBJECTID_1</attalias><attrtype Sync="TRUE">Integer</attrtype><attwidth Sync="TRUE">10</attwidth><atprecis Sync="TRUE">10</atprecis><attscale Sync="TRUE">0</attscale></attr><attr><attrlabl Sync="TRUE">Name</attrlabl><attalias Sync="TRUE">Name</attalias><attrtype Sync="TRUE">String</attrtype><attwidth Sync="TRUE">80</attwidth><atprecis Sync="TRUE">0</atprecis><attscale Sync="TRUE">0</attscale></attr><attr><attrlabl Sync="TRUE">ShapeSTAre</attrlabl><attalias Sync="TRUE">ShapeSTAre</attalias><attrtype Sync="TRUE">Double</attrtype><attwidth Sync="TRUE">19</attwidth><atprecis Sync="TRUE">0</atprecis><attscale Sync="TRUE">0</attscale></attr><attr><attrlabl Sync="TRUE">ShapeSTLen</attrlabl><attalias Sync="TRUE">ShapeSTLen</attalias><attrtype Sync="TRUE">Double</attrtype><attwidth Sync="TRUE">19</attwidth><atprecis Sync="TRUE">0</atprecis><attscale Sync="TRUE">0</attscale></attr><attr><attrlabl Sync="TRUE">Shape_STAr</attrlabl><attalias Sync="TRUE">Shape_STAr</attalias><attrtype Sync="TRUE">Double</attrtype><attwidth Sync="TRUE">19</attwidth><atprecis Sync="TRUE">0</atprecis><attscale Sync="TRUE">0</attscale></attr><attr><attrlabl Sync="TRUE">Shape_STLe</attrlabl><attalias Sync="TRUE">Shape_STLe</attalias><attrtype Sync="TRUE">Double</attrtype><attwidth Sync="TRUE">19</attwidth><atprecis Sync="TRUE">0</atprecis><attscale Sync="TRUE">0</attscale></attr><attr><attrlabl Sync="TRUE">Shape_Leng</attrlabl><attalias Sync="TRUE">Shape_Leng</attalias><attrtype Sync="TRUE">Double</attrtype><attwidth Sync="TRUE">19</attwidth><atprecis Sync="TRUE">0</atprecis><attscale Sync="TRUE">0</attscale></attr><attr><attrlabl Sync="TRUE">Shape_Area</attrlabl><attalias Sync="TRUE">Shape_Area</attalias><attrtype Sync="TRUE">Double</attrtype><attwidth Sync="TRUE">19</attwidth><atprecis Sync="TRUE">0</atprecis><attscale Sync="TRUE">0</attscale><attrdef Sync="TRUE">Area of feature in internal units squared.</attrdef><attrdefs Sync="TRUE">Esri</attrdefs><attrdomv><udom Sync="TRUE">Positive real numbers that are automatically generated.</udom></attrdomv></attr></detailed></eainfo><distInfo><distFormat><formatName>File Geodatabase Feature Class</formatName></distFormat><distTranOps><transSize>7.738</transSize></distTranOps></distInfo><mdHrLvName>dataset</mdHrLvName><refSysInfo><RefSystem><refSysID><identCode code="2868" value="2868"/><idCodeSpace>EPSG</idCodeSpace><idVersion>7.4.1</idVersion></refSysID></RefSystem></refSysInfo><spatRepInfo><VectSpatRep><geometObjs Name="RiskLayerShape"><geoObjTyp><GeoObjTypCd value="002" Sync="TRUE"></GeoObjTypCd></geoObjTyp><geoObjCnt Sync="TRUE">0</geoObjCnt></geometObjs><topLvl><TopoLevCd value="001" Sync="TRUE"></TopoLevCd></topLvl></VectSpatRep></spatRepInfo><spdoinfo><ptvctinf><esriterm Name="RiskLayerShape"><efeatyp Sync="TRUE">Simple</efeatyp><efeageom code="4" Sync="TRUE"></efeageom><esritopo Sync="TRUE">FALSE</esritopo><efeacnt Sync="TRUE">0</efeacnt><spindex Sync="TRUE">FALSE</spindex><linrefer Sync="TRUE">FALSE</linrefer></esriterm></ptvctinf></spdoinfo><mdDateSt>20130702</mdDateSt><mdChar><CharSetCd value="004"/></mdChar><Esri><DataProperties><itemProps><itemName Sync="TRUE">RiskLayerShape</itemName><imsContentType Sync="TRUE">002</imsContentType><nativeExtBox><westBL Sync="TRUE">63398.281616</westBL><eastBL Sync="TRUE">1053350.500005</eastBL><southBL Sync="TRUE">487163.593811</southBL><northBL Sync="TRUE">1147732.750028</northBL><exTypeCode Sync="TRUE">1</exTypeCode></nativeExtBox><itemSize Sync="TRUE">0.000</itemSize><itemLocation><linkage Sync="TRUE">file://\\DESKTOP-GHM98T4\C$\Users\Brand\Desktop\Geojson\RiskLayerShape.shp</linkage><protocol Sync="TRUE">Local Area Network</protocol></itemLocation></itemProps><coordRef><type Sync="TRUE">Projected</type><geogcsn Sync="TRUE">GCS_NAD_1983_2011</geogcsn><csUnits Sync="TRUE">Linear Unit: Meter (1.000000)</csUnits><projcsn Sync="TRUE">NAD_1983_2011_StatePlane_Arizona_Central_FIPS_0202</projcsn><peXml Sync="TRUE">&lt;ProjectedCoordinateSystem xsi:type='typens:ProjectedCoordinateSystem' xmlns:xsi='http://www.w3.org/2001/XMLSchema-instance' xmlns:xs='http://www.w3.org/2001/XMLSchema' xmlns:typens='http://www.esri.com/schemas/ArcGIS/2.2.0'&gt;&lt;WKT&gt;PROJCS[&amp;quot;NAD_1983_2011_StatePlane_Arizona_Central_FIPS_0202&amp;quot;,GEOGCS[&amp;quot;GCS_NAD_1983_2011&amp;quot;,DATUM[&amp;quot;D_NAD_1983_2011&amp;quot;,SPHEROID[&amp;quot;GRS_1980&amp;quot;,6378137.0,298.257222101]],PRIMEM[&amp;quot;Greenwich&amp;quot;,0.0],UNIT[&amp;quot;Degree&amp;quot;,0.0174532925199433]],PROJECTION[&amp;quot;Transverse_Mercator&amp;quot;],PARAMETER[&amp;quot;False_Easting&amp;quot;,213360.0],PARAMETER[&amp;quot;False_Northing&amp;quot;,0.0],PARAMETER[&amp;quot;Central_Meridian&amp;quot;,-111.9166666666667],PARAMETER[&amp;quot;Scale_Factor&amp;quot;,0.9999],PARAMETER[&amp;quot;Latitude_Of_Origin&amp;quot;,31.0],UNIT[&amp;quot;Meter&amp;quot;,1.0],AUTHORITY[&amp;quot;EPSG&amp;quot;,6404]]&lt;/WKT&gt;&lt;XOrigin&gt;-5409200&lt;/XOrigin&gt;&lt;YOrigin&gt;-13431700&lt;/YOrigin&gt;&lt;XYScale&gt;450310428.58990461&lt;/XYScale&gt;&lt;ZOrigin&gt;-100000&lt;/ZOrigin&gt;&lt;ZScale&gt;10000&lt;/ZScale&gt;&lt;MOrigin&gt;-100000&lt;/MOrigin&gt;&lt;MScale&gt;10000&lt;/MScale&gt;&lt;XYTolerance&gt;0.001&lt;/XYTolerance&gt;&lt;ZTolerance&gt;0.001&lt;/ZTolerance&gt;&lt;MTolerance&gt;0.001&lt;/MTolerance&gt;&lt;HighPrecision&gt;true&lt;/HighPrecision&gt;&lt;WKID&gt;102988&lt;/WKID&gt;&lt;LatestWKID&gt;6404&lt;/LatestWKID&gt;&lt;/ProjectedCoordinateSystem&gt;</peXml></coordRef><lineage><Process ToolSource="c:\users\xenozeb\desktop\sal stuff\arcgis\desktop10.5\ArcToolbox\Toolboxes\Analysis Tools.tbx\Clip" Date="20180613" Time="204014">Clip F:\GIS_SalStuff\ENTerprise_Data\ENTerprise_Data.gdb\Maricopa_St_Arterial AOI_large F:\GIS_SalStuff\ENTerprise_Data\ENTerprise_Data.gdb\Maricopa_Arterial_clip #</Process><Process Name="Project" ToolSource="c:\users\xenozeb\desktop\sal stuff\arcgis\desktop10.5\ArcToolbox\Toolboxes\Data Management Tools.tbx\Project" Date="20180617" Time="131359">Project F:\GIS_SalStuff\ENTerprise_Data\ENTerprise_Data.gdb\Maricopa_Arterial_clip F:\GIS_SalStuff\ENTerprise_Data\ENTerprise_Data.gdb\NAD1983_UTM12N_Projections\Maricopa_Arterial_clip_UTM12N PROJCS['NAD_1983_UTM_Zone_12N',GEOGCS['GCS_North_American_1983',DATUM['D_North_American_1983',SPHEROID['GRS_1980',6378137.0,298.257222101]],PRIMEM['Greenwich',0.0],UNIT['Degree',0.0174532925199433]],PROJECTION['Transverse_Mercator'],PARAMETER['False_Easting',500000.0],PARAMETER['False_Northing',0.0],PARAMETER['Central_Meridian',-111.0],PARAMETER['Scale_Factor',0.9996],PARAMETER['Latitude_Of_Origin',0.0],UNIT['Meter',1.0]] NAD_1983_To_HARN_Arizona PROJCS['NAD_1983_HARN_StatePlane_Arizona_Central_FIPS_0202_Feet_Intl',GEOGCS['GCS_North_American_1983_HARN',DATUM['D_North_American_1983_HARN',SPHEROID['GRS_1980',6378137.0,298.257222101]],PRIMEM['Greenwich',0.0],UNIT['Degree',0.0174532925199433]],PROJECTION['Transverse_Mercator'],PARAMETER['False_Easting',700000.0],PARAMETER['False_Northing',0.0],PARAMETER['Central_Meridian',-111.9166666666667],PARAMETER['Scale_Factor',0.9999],PARAMETER['Latitude_Of_Origin',31.0],UNIT['Foot',0.3048]] NO_PRESERVE_SHAPE # NO_VERTICAL</Process><Process Name="Project" ToolSource="c:\program files (x86)\arcgis\desktop10.4\ArcToolbox\Toolboxes\Data Management Tools.tbx\Project" Date="20180620" Time="212412">Project E:\GIS_SalStuff\ENTerprise_Data\ENTerprise_Data.gdb\Transportation_UTM12N\Maricopa_Arterial_clip_UTM12N E:\GIS_SalStuff\ENTerprise_Data\ENTerprise_Data.gdb\StatePlaneProjections\Maricopa_Arterial_clip_UTM12N_SP PROJCS['NAD_1983_2011_StatePlane_Arizona_Central_FIPS_0202',GEOGCS['GCS_NAD_1983_2011',DATUM['D_NAD_1983_2011',SPHEROID['GRS_1980',6378137.0,298.257222101]],PRIMEM['Greenwich',0.0],UNIT['Degree',0.0174532925199433]],PROJECTION['Transverse_Mercator'],PARAMETER['False_Easting',213360.0],PARAMETER['False_Northing',0.0],PARAMETER['Central_Meridian',-111.9166666666667],PARAMETER['Scale_Factor',0.9999],PARAMETER['Latitude_Of_Origin',31.0],UNIT['Meter',1.0]] 'WGS_1984_(ITRF00)_To_NAD_1983 + WGS_1984_(ITRF08)_To_NAD_1983_2011' PROJCS['NAD_1983_UTM_Zone_12N',GEOGCS['GCS_North_American_1983',DATUM['D_North_American_1983',SPHEROID['GRS_1980',6378137.0,298.257222101]],PRIMEM['Greenwich',0.0],UNIT['Degree',0.0174532925199433]],PROJECTION['Transverse_Mercator'],PARAMETER['False_Easting',500000.0],PARAMETER['False_Northing',0.0],PARAMETER['Central_Meridian',-111.0],PARAMETER['Scale_Factor',0.9996],PARAMETER['Latitude_Of_Origin',0.0],UNIT['Meter',1.0]] NO_PRESERVE_SHAPE # NO_VERTICAL</Process><Process ToolSource="d:\arcgis 10.5\desktop10.5\ArcToolbox\Toolboxes\Data Management Tools.tbx\Dissolve" Date="20180711" Time="203239">Dissolve Maricopa_Arterial_clip_SP "G:\Capstone LiDAR\ThirdStep.gdb\Arterial_Dissolve" FullStreet # SINGLE_PART UNSPLIT_LINES</Process><Process ToolSource="d:\arcgis 10.5\desktop10.5\ArcToolbox\Toolboxes\Analysis Tools.tbx\Buffer" Date="20180711" Time="203406">Buffer Arterial_Dissolve "G:\Capstone LiDAR\ThirdStep.gdb\Arterial_Dissolve_Buffer1" "75 Meters" FULL ROUND NONE # PLANAR</Process><Process ToolSource="d:\arcgis 10.5\desktop10.5\ArcToolbox\Toolboxes\Analysis Tools.tbx\Union" Date="20180711" Time="204229">Union "Arterial_Dissolve_Buffer1 #" "G:\Capstone LiDAR\ThirdStep.gdb\Arterial_Dissolve_Buffer1_Un" ALL # GAPS</Process><Process ToolSource="d:\arcgis 10.5\desktop10.5\ArcToolbox\Toolboxes\Data Management Tools.tbx\Dissolve" Date="20180711" Time="204528">Dissolve Arterial_Dissolve_Buffer1_Un "G:\Capstone LiDAR\ThirdStep.gdb\Arterial_Dissolve_Buffer1_Un1" Shape_Length;Shape_Area "OBJECTID COUNT" MULTI_PART DISSOLVE_LINES</Process><Process ToolSource="d:\arcgis 10.5\desktop10.5\ArcToolbox\Toolboxes\Analysis Tools.tbx\Union" Date="20180711" Time="204740">Union "Arterial_Dissolve_Buffer1_Un1 #;local_Dissolve_Buffer1_Union2 #" "G:\Capstone LiDAR\ThirdStep.gdb\Arterial_Dissolve_Buffer1_Un2" ALL # GAPS</Process><Process ToolSource="d:\arcgis 10.5\desktop10.5\ArcToolbox\Toolboxes\Data Management Tools.tbx\CalculateField" Date="20180711" Time="204848">CalculateField Arterial_Dissolve_Buffer1_Un2 Objectcounter "[COUNT_OBJECTID]+ [COUNT_OBJECTID_1]" VB #</Process><Process ToolSource="d:\arcpro\Resources\ArcToolbox\toolboxes\Data Management Tools.tbx\Dissolve" Date="20180711" Time="214458">Dissolve Arterial_Dissolve_Buffer1_Un2 "G:\Capstone LiDAR\FourthStep.gdb\SmallRoadDissolvebyNumber" Objectcounter # MULTI_PART DISSOLVE_LINES</Process><Process ToolSource="d:\arcpro\Resources\ArcToolbox\toolboxes\Analysis Tools.tbx\Union" Date="20180711" Time="214553">Union "SmallRoadDissolvebyNumber #;Hwy_Dissolve_Buffer1_Dissolv3 #" "G:\Capstone LiDAR\FourthStep.gdb\PollutionSoilIrrigationUnion" "All attributes" # GAPS</Process><Process ToolSource="d:\arcpro\Resources\ArcToolbox\toolboxes\Data Management Tools.tbx\CopyFeatures" Date="20180712" Time="180554">CopyFeatures PollutionSoilIrrigationUnion C:\Users\Brand\Desktop\Geojson\RiskLayerShape.shp # # # #</Process></lineage></DataProperties><SyncDate>20180712</SyncDate><SyncTime>18055300</SyncTime><ModDate>20180712</ModDate><ModTime>18055300</ModTime><CreaDate>20180620</CreaDate><CreaTime>21241000</CreaTime><ArcGISFormat>1.0</ArcGISFormat><SyncOnce>FALSE</SyncOnce></Esri></metadata>
